mysql> connect university;
Connection id:    12
Current database: university

mysql> show tables;
+----------------------+
| Tables_in_university |
+----------------------+
| book                 |
| buys                 |
| cites                |
| majorsin             |
| student              |
+----------------------+
5 rows in set (0.00 sec)

mysql> select * from book;
+--------+------------------------+-------+
| bookno | title                  | price |
+--------+------------------------+-------+
|   2001 | Theory of Computation  |   200 |
|   2002 | Deductive Logic        |    75 |
|   2003 | Discrete Math          |   120 |
|   2004 | Linear Algebra         |    19 |
|   2005 | Quantum Mechanics      |    30 |
|   2006 | Analysis of Algorithms |    15 |
|   2007 | Graph Theory           |    40 |
|   2008 | Compilers              |   150 |
|   2009 | Particle Phyics        |   130 |
|   2010 | Complexity Theory      |   150 |
+--------+------------------------+-------+
10 rows in set (0.00 sec)

mysql> select * from buys;
+------+--------+
| sid  | bookno |
+------+--------+
| 1001 |   2009 |
| 1001 |   2002 |
| 1002 |   2002 |
| 1002 |   2001 |
| 1003 |   2002 |
| 1004 |   2006 |
| 1004 |   2008 |
| 1006 |   2006 |
| 1006 |   2008 |
| 1007 |   2001 |
| 1007 |   2002 |
| 1007 |   2003 |
| 1007 |   2008 |
| 1007 |   2009 |
| 1007 |   2010 |
| 1007 |   2007 |
+------+--------+
16 rows in set (0.00 sec)

mysql> select * from cites;
+--------+-------------+
| bookno | citedbookno |
+--------+-------------+
|   2001 |        2002 |
|   2001 |        2007 |
|   2003 |        2001 |
|   2003 |        2004 |
|   2003 |        2002 |
+--------+-------------+
5 rows in set (0.00 sec)

mysql> select * from majorsin;
+------+---------+
| sid  | major   |
+------+---------+
| 1001 | Physics |
| 1001 | Math    |
| 1002 | CS      |
| 1002 | Math    |
| 1003 | Math    |
| 1004 | CS      |
| 1006 | CS      |
| 1007 | Physics |
| 1007 | CS      |
| 1008 | Physics |
| 1009 | CS      |
+------+---------+
11 rows in set (0.00 sec)

mysql> select * from student;
+------+-----------+------+
| sid  | sname     | gpa  |
+------+-----------+------+
| 1001 | Jean      | 3.96 |
| 1002 | Maria     |    4 |
| 1003 | Anna      | 3.49 |
| 1004 | Chin      |    4 |
| 1005 | John      | 3.99 |
| 1006 | Ryan      |    4 |
| 1007 | Catherine | 3.97 |
| 1008 | Emma      |    4 |
| 1009 | Jan       |    4 |
+------+-----------+------+
9 rows in set (0.01 sec)